ID,Product Code,Image File,Current Shape,Correct Shape (Client Fill)
1,AABA1038,frames/AABA1038_front.jpg,round,
2,CABA3443,frames/CABA3443_IMG_1789.jpg,rectangle,
3,CABA3510,frames/CABA3510_IMG_1463.jpg,rectangle,
4,EABA0532,frames/EABA0532_IMG_0359.jpg,rectangle,
5,EBBA0643,frames/EBBA0643_IMG_2351.jpg,cat-eye,
6,FAAA1212,frames/FAAA1212_IMG20260725194903.jpg,rectangle,
7,FAAA1892,frames/FAAA1892_IMG_1717.jpg,rectangle,
8,FABA2116,frames/FABA2116_IMG_2138.jpg,rectangle,
9,FABA2295,frames/FABA2295_IMG_1985.jpg,cat-eye,
10,FBBA2598,frames/FBBA2598_IMG_2384.jpg,aviator,
11,FBBA3331,frames/FBBA3331_IMG_2213.jpg,oval,
12,FBBA3351,frames/FBBA3351_IMG_2312.jpg,oval,
13,GAAA3225,frames/GAAA3225_IMG_0419.jpg,cat-eye,
14,GAAA3254,frames/GAAA3254_IMG_1366.jpg,oval,
15,GAAA3266,frames/GAAA3266_IMG_1585.jpg,rectangle,
16,GABA3055,frames/GABA3055_IMG_1378.jpg,cat-eye,
17,GABA3067,frames/GABA3067_IMG_1198.jpg,round,
18,GABA3096,frames/GABA3096_IMG_2051.jpg,aviator,
19,GABA3138,frames/GABA3138_IMG_2015(1).jpg,aviator,
20,IABA2522,frames/IABA2522_IMG_2182.jpg,aviator,
21,JP10276,frames/JP10276_IMG_2520.jpg,round,
22,JP99457345,frames/JP99457345_IMG_2590.jpg,rectangle,
23,JP995157,frames/JP995157_IMG_2614.jpg,rectangle,
24,JP995275,frames/JP995275_IMG_2270.jpg,cat-eye,
25,Jp995292,frames/Jp995292_IMG_0356.jpg,rectangle,
26,JP995360,frames/JP995360_IMG_1799.jpg,rectangle,
27,JP995378,frames/JP995378_IMG_1868.jpg,rectangle,
28,JP995389,frames/JP995389_front.jpg,square,
29,JP995403,frames/JP995403_IMG_0809.jpg,rectangle,
30,JP995412,frames/JP995412_IMG_1698.jpg,round,
31,JP995437,frames/JP995437_IMG_1876.jpg,cat-eye,
32,JP995488,frames/JP995488_IMG_2810.jpg,cat-eye,
33,JP995495,frames/JP995495_front.jpg,round,
34,JP995509,frames/JP995509_IMG_2708.jpg,rectangle,
35,JP995517,frames/JP995517_IMG_0822.jpg,oval,
36,JP9955402,frames/JP9955402_IMG_2197.jpg,square,
37,JP9955457,frames/JP9955457_IMG_2702.jpg,oval,
38,JP9955492,frames/JP9955492_IMG_0952.jpg,round,
39,JP9955494,frames/JP9955494_IMG_0775.jpg,rectangle,
40,JP9955496,frames/JP9955496_IMG_0976.jpg,cat-eye,
41,Jp9955519,frames/Jp9955519_front.jpg,rectangle,
42,Jp9955527,frames/Jp9955527_front.jpg,rectangle,
43,JP9955619,frames/JP9955619_IMG_2676.jpg,cat-eye,
44,JP9955636,frames/JP9955636_IMG_2669.jpg,square,
45,JP9955721,frames/JP9955721_IMG_2418.jpg,aviator,
46,JP9955782,frames/JP9955782_IMG_2336.jpg,round,
47,JP9955788,frames/JP9955788_IMG_2461.jpg,aviator,
48,JP9955836,frames/JP9955836_IMG_2467.jpg,cat-eye,
49,JP9956190,frames/JP9956190_IMG_1404.jpg,rectangle,
50,JP9956274,frames/JP9956274_IMG_1508.jpg,rectangle,
51,JP9956285,frames/JP9956285_IMG_2786.jpg,rectangle,
52,JP9956317,frames/JP9956317_IMG_1497.jpg,square,
53,JP9956330,frames/JP9956330_IMG_2149.jpg,rectangle,
54,JP9956359,frames/JP9956359_IMG_1529.jpg,rectangle,
55,JP9956456,frames/JP9956456_IMG_1333.jpg,square,
56,JP9956465,frames/JP9956465_front.jpg,round,
57,JP9956597,frames/JP9956597_IMG_0846.jpg,rectangle,
58,Jp9956616,frames/Jp9956616_IMG_0347.jpg,rectangle,
59,JP9956628,frames/JP9956628_IMG_0810.jpg,rectangle,
60,JP9956660,frames/JP9956660_IMG_0416.jpg,rectangle,
61,Jp9956666,frames/Jp9956666_IMG_0365.jpg,rectangle,
62,JP9956704,frames/JP9956704_IMG_1290.jpg,cat-eye,
63,JP9956709,frames/JP9956709_IMG_2008.jpg,aviator,
64,JP9956712,frames/JP9956712_IMG_1160.jpg,rectangle,
65,JP9956786,frames/JP9956786_front.jpg,aviator,
66,JP9956804,frames/JP9956804_IMG_2406.jpg,round,
67,JP9956851,frames/JP9956851_IMG_2366.jpg,oval,
68,JP9956854,frames/JP9956854_IMG_2560.jpg,square,
69,JP9956884,frames/JP9956884_IMG_2439.jpg,oval,
70,JP9956895,frames/JP9956895_IMG_1745.jpg,rectangle,
71,JP9956911,frames/JP9956911_IMG_1505.jpg,rectangle,
72,JP9956915,frames/JP9956915_IMG_1142.jpg,rectangle,
73,JP9957048,frames/JP9957048_IMG_1096.jpg,cat-eye,
74,JP9957058,frames/JP9957058_IMG_1059.jpg,cat-eye,
75,JP9957101,frames/JP9957101_IMG_1081.jpg,cat-eye,
76,JP9957106,frames/JP9957106_IMG_1062.jpg,oval,
77,JP9957107,frames/JP9957107_IMG_0834.jpg,round,
78,JP9957116,frames/JP9957116_1784987421188.jpg,square,
79,JP9957203,frames/JP9957203_IMG_0684.jpg,cat-eye,
80,JP9957205,frames/JP9957205_IMG_0680.jpg,cat-eye,
81,Jp9957212,frames/Jp9957212_IMG_0560.jpg,rectangle,
82,JP9957215,frames/JP9957215_IMG_0662.jpg,oval,
83,JP9957232,frames/JP9957232_IMG_0650.jpg,rectangle,
84,JP9957247,frames/JP9957247_IMG_1832.jpg,rectangle,
85,JP9957262,frames/JP9957262_IMG_2117.jpg,rectangle,
86,JP9957283,frames/JP9957283_IMG_2093.jpg,rectangle,
87,JP9957286,frames/JP9957286_IMG_1317.jpg,rectangle,
88,JP9957299,frames/JP9957299_IMG_1265.jpg,round,
89,JP9957307,frames/JP9957307_IMG_1957.jpg,rectangle,
90,JP9957309,frames/JP9957309_IMG_1954.jpg,rectangle,
91,JP9957318,frames/JP9957318_IMG_2135.jpg,rectangle,
92,JP9957320,frames/JP9957320_IMG_2038.jpg,rectangle,
93,JP9957329,frames/JP9957329_IMG_2528.jpg,square,
94,JP9957343,frames/JP9957343_IMG_2608.jpg,rectangle,
95,JP9957357,frames/JP9957357_IMG_2321.jpg,aviator,
96,LAAA1843,frames/LAAA1843_IMG_1010.jpg,rectangle,
97,NAAA0887,frames/NAAA0887_IMG_0632.jpg,cat-eye,
98,OAAA1777,frames/OAAA1777_IMG_2711.jpg,oval,
99,OAAA1785,frames/OAAA1785_IMG_0629.jpg,round,
100,OAAA2620,frames/OAAA2620_IMG_0942.jpg,oval,
101,OAAA2621,frames/OAAA2621_IMG_0852.jpg,rectangle,
102,OAAA2633,frames/OAAA2633_IMG_0970.jpg,rectangle,
103,TAAA1976,frames/TAAA1976_IMG20260725195522.jpg,square,
104,JP2699,frames/AABA1038_IMG_2056.jpg,round,
